{
    "execution_results": [
        {
            "test_case": "Test Case 9: Unequal Losses and Demands",
            "techniques": [
                {
                    "technique": "GeneticAlgorithmAllocation",
                    "output": {
                        "R1": 561.7608556862707,
                        "R2": 484.8347247948222,
                        "R3": 369.64993198972115,
                        "R4": 281.46192657524784,
                        "R5": 140.1413136513385
                    },
                    "metrics": {
                        "util": 0.9189243763487002,
                        "loss": 0.8883266406049309,
                        "fairness": 1.2752995465429917,
                        "overall": 1.0151277198966684
                    },
                    "supplied_ratio": {
                        "R1": 1.12,
                        "R2": 1.21,
                        "R3": 1.23,
                        "R4": 1.41,
                        "R5": 1.4
                    },
                    "analysis": {
                        "time": 7.1197,
                        "space": 0.0308
                    }
                }
            ]
        },
        {
            "test_case": "Test Case 10: Zero Demand",
            "techniques": [
                {
                    "technique": "GeneticAlgorithmAllocation",
                    "output": {
                        "R1": 0,
                        "R2": 177.36751941072674,
                        "R3": 298.38354079945105
                    },
                    "metrics": {
                        "util": 0.9515021204203556,
                        "loss": 0.8451730797980742,
                        "fairness": 0.9407246998592353,
                        "overall": 0.911053730034221
                    },
                    "supplied_ratio": {
                        "R1": null,
                        "R2": 0.89,
                        "R3": 0.99
                    },
                    "analysis": {
                        "time": 5.6434,
                        "space": 0.0263
                    }
                }
            ]
        }
    ],
    "averages": [
        {
            "technique": "GeneticAlgorithmAllocation",
            "average_time": 6.3815,
            "average_space": 0.0285
        }
    ]
}